1M6lKSV-KBY	240
2j4FawIHYb4	246
3dlbd3zZvCg	253
5kWtdh_FM6c	261
63jXC7yV5uY	242
6JaVnchN_us	345
6pvsnRiLtt0	252
8wzTILiFEfY	262
98EZJbYUEVE	244
Ak6n7bbbJTM	251
awvtmlJQSMs	269
cPN1AlLMKBw	180
cUfjR2FY3Rk	253
DCqYxyRWTKg	241
fGv8ILAehpE	260
H5VOzNAONWE	245
LRxYQFhYYs8	254
mafjKz0fRQo	239
McEEUrdm5Cc	201
mFClMTPp3hk	333
mfQ2WuiYmqA	241
MHR7VtllSUk	174
mjJrOXMd5pI	245
MkZ1GMF_BQw	273
MLZdFsTJfd0	236
mMm4qewphFc	297
moJAkx_9zsc	243
MOyGTuwBoZU	265
MOZ-c3JKMIY	240
mQzDDg2poOc	282
mSK4XPJCXkA	441
MViCU8VvYHQ	134
mw0VdEt5Hc0	243
MWblK8g4sw8	239
mwEDoOMElzk	247
MxBNU1Majd8	255
mXjzZQHU1zo	245
My7tktEKpDs	243
mYuUQxm6Zsc	258
myxaE3dzkK8	238
mZaHmh3k6CM	300
Mzb67dS7S5c	402
MZroDWEgtlc	482
mzUgVBFCBrM	297
MZvK6of39wc	283
n1qogyE0MKA	251
N4Bcwq-JLOw	251
N5vKR036ix8	279
Na_e6lA2coI	255
Nc4WF7tsTb4	156
ncXEdtx1vj0	254
NCXuy46l0jM	233
ndcWXbm73i4	276
NdvAueeI214	242
nFqEOtz2lVQ	300
nGaciXL2I8s	488
ngfpXctG2RM	177
nIMU50Yb1Fk	247
NK2ZLQJmQQc	254
nKDz49kFvxc	254
nLWDW2sJjmk	260
nmFCl0No_gw	210
nNX0LT2K63A	148
NO1kwY0f-qc	270
noR-YpJRjzI	242
NOUpfLnTbro	252
npv-bc5egz0	257
nq2GkFuTeb4	265
nQQ0p9kAxAg	130
nr2ZJYJK-Gc	251
NrrnA2mBXdw	241
NrTJT56KhU4	253
nS25n-b8zMo	247
NShanT9OuBU	238
Nslq54ScY_8	185
nsRTYk79f0s	253
NtA1RXjoloc	249
nW4TXPoWBxk	247
NXDvFHcW-sg	257
nxZxBE8Spak	260
NyFu-f00Z9A	249
nyZxLWqySAI	248
nZjbTLAOMDA	257
NjAWUcUN3jQ	248
NJCJLtARokM	261
O_KV9MkmhJ4	251
O_VxMNRkrHU	315
O1C3xTpNzRE	240
o1iA4j9l4Vc	317
O3ij2c3Zs0c	247
o4Kj_VH6s8A	251
o6bKzHTHNRw	218
o6VXhEfv4jk	244
O6ZZmsacHRY	237
O7Ec2sRzozo	515
o7nmqKJQego	247
O7ufmUT3s1E	233
O8UVv1ludZ8	276
oAJuAuEfYp8	235
OaKyX_BmOQM	236
oAqqEH-W1Tc	232
OaT1xRF7n3g	324
obebwXzk5GE	274
O-BU4KOFCL4	234
oC98xKE06lk	261
OdlzKQb2g2U	253
OEmUmXn3zzY	250
oEqbJUYr60Q	250
OfVM49fPOkI	245
Ogpy0PitjQ0	254
OgYt33rtGqs	244
O-IlRod3ry4	238
oinvw3icgu8	251
OjFyf4kBJMg	258
ojvvemKTGIk	181
OL3UjXmYUV8	246
OLCX10CTisw	237
oM2m8BtFVjc	244
OMULZpvvbds	246
ONQSK7i3iBI	530
ONxSV-dHMDM	234
Oo77161gNAk	243
OO7wtWD4Zig	244
Opfjebk5YeA	258
OpWI4M1itiw	256
OQB5zuut6WE	250
OQUrVNyIJ-o	267
oQWbNZJz_cg	264
OQYfslPNyKk	287
OS5lOUNii_g	294
osMrBj_AWfU	285
-oszKeU7lEs	257
oTBL8wlzqI4	414
OTYCFo5dtCU	450
Ov3WAILkp34	266
OvRu9C8ohng	182
OwDSslZDsjQ	252
OWGxiNgSq8k	239
oX5N9stM9jM	252
OYFF2dvmLFE	236
OzsaOsfK58k	252
p_pTMzxrgGQ	255
P_WOSj11ISY	242
P0cD8myykVc	239
-P0Cx4qDURg	236
P0di6vfxeqk	437
P1o0_tdVErY	251
P3ENMmr8iBc	240
p3f3ZTdUTho	245
p6ygbAv9HWc	289
p7aU0vu1uc0	187
p81Qpr8yy2w	239
P84rULcleGQ	266
-p8MdaLrZ5I	365
pAe69n13KY4	276
pDadgB_8DmA	234
PdB8D2a1I-U	247
pdRfZo5pflg	233
PEDcmjOrGOY	396
PEECPiRB6IM	249
pErm7ylPNO4	267
pEUHCtR5T9s	273
PG60ff9jcG8	209
pgGY3Q3-mfY	235
Ph03qOMG3VM	247
PiGGKSZlLIg	261
PJ7JQRYmUYs	265
PL16sPK_xls	300
plymyHtqvjA	127
pNGYDVB2Xnk	374
pNoN8GN5CtU	237
PoIzq3cfTO8	246
PovbDMaitvk	290
PSOMzsd0F7g	237
PtcZXuW0trc	245
Ptss4pwveso	209
Pv9VUnLsacg	281
Pvo4QY_mVvo	272
PW0EiDruqvs	253
pW8F8spa000	140
pWJsFb3JGfA	241
PxaZfZeeqnw	244
PXC4QUE5s_E	300
pyFTbW7ElZo	268
PykdEizhB3Q	245
pyrLhXWJRzo	334
q31W5_h_nYI	278
q3754vWhUaI	309
q3X0eY_8lxU	246
Q4gyIExu8sk	236
q6qqS9Rx9c8	244
q6R6dnfhC0U	250
q8iH2lCCUNE	233
q9AtYOQHGYw	229
Q9BHPiNBt1w	248
qA701K2F9co	268
QBPsQUir02s	243
qE5qxRsXC0o	247
qea9evzs0So	158
QeJxXMIseGA	312
QePYSvskjQc	175
QGtH0-ArgZM	179
QHIw5t0MLqc	158
qHYvkkrSLKA	256
QiE8zO2QLT0	232
QitzTknggnI	251
QjytM1Rrnh4	252
qKIeSC4U4yI	323
qkn7-l1ByGY	242
qkuOSPeGyp0	207
QlXNQRIPQe4	262
Qm2xdfPeO68	271
QmxL3JBw2QU	254
QNiqzJpxH4I	246
qnuNA8HkVp0	248
Qo3QCuWvyuA	240
QPfHw_TrtBI	259
qQ4esYXEHL4	272
Q-rwZZevtOI	248
QRYPm35onkg	239
qs9CTyF0tLg	278
Qv90pOmgSwE	242
QV9K0gVcOv4	239
QvMFeON-A30	250
QVZ5D7LsiIg	254
QXm61hyicDY	314
QxSrwO1pyFU	466
qyAQnt2AdLw	559
QYcYSgrVwgA	337
QZuKChwF_Xw	243
R_hwDbVMqko	185
-r08HbdAL4U	227
R1XiEcdWAi0	347
r2sYPHBdz8c	294
R38QkO4v37g	199
R3IYlG_N-Cs	274
R4CeosYKR9w	332
r5DwGe5tyxU	525
racxZ77kqV0	255
rBVYICky7uQ	204
rbZZttoWJn0	265
RcI48NqwLLE	241
rcofUlFLh-E	266
rDoajJuCfuI	240
rD-QhR8-Jsc	277
REUfRrr3kNs	383
RgH8ypyKHg0	174
RGja_BorijA	244
rhsmmKYMvi4	248
Ri1F0XYuMNg	250
rJkf0IbtasQ	521
rjRiWo65POU	237
rKxjrRQ8krc	300
RLB1M8akf7I	240
rlmkCoQCBNo	221
rLznhrYPiXo	239
R-nAG2wU7Os	239
rNcLFxITP6E	243
RnPeHas4wEU	248
rnjzBGkFlFQ	245
rPjxZiJM_R4	244
rQJseDVh2pQ	251
RQpM9vHqDlQ	336
rRRvpPY72KY	261
Rs0tHLwTf2o	257
Rt8Mt50y2oE	236
RUhMIzh-xHE	248
RworBMifMxU	258
RxHilWJZpik	251
RXJAhgx0NW8	280
r-YIKjVTHTU	249
RYnLRf-SNxY	283
RYxQx6hJm14	249
rZuEr1PQmYk	241
S_ky4dy9aYc	235
S2MsEY9gct8	140
S36x5VFaqsg	242
S4gu27QVzOc	239
S4LH_4DX7YY	339
S4REc-gCaO0	287
s4-uLWGo7xA	246
s5FhL7aVV04	245
s5s5WXfTHN0	180
S6ovgrhppIk	242
s72NvelHZHs	240
S9CF0zrE6gg	250
sa2pTS004WI	299
Sbf2OZNBUng	164
Sc-bPtsgryk	269
SCx7CeaErKs	250
SDyJKCrpEXE	222
sF3JbaN1r2c	547
SFCjSv1QYPY	266
sFcONb8LDGI	264
sGrHwBlf-7M	243
sgS1VOW7Zxk	243
SjcsAngyCIg	233
SjUw-tGaAFI	247
Sme6I9FJMwM	250
sMgwYE_ozo4	239
SmHfqpEBo14	300
SpT08orEwKY	186
uCENLyvsfmM	264
vUbx6GxOhrM	253
