__V_hboCjB8	189
_195AVJJmBo	254
_6FwHac6YnQ	260
_dMGc9AwyvI	237
_dmIFhm77D0	286
_geWw2AAq_Q	247
_gPPJdLL0OY	241
_IcG2b6tiAU	337
_J0tOvuO2Mk	236
_KDTgf7C22s	255
_KPFmu0a5dY	248
_lgwKmZU5n8	237
_mWnvWnalKY	260
_NHYS6sDD3A	337
_NreCKw0jAM	283
_p3od1h4ilI	235
_RBYQkBrztI	238
_vbmeGWlHk4	245
_Wb90V0jgPk	262
_wfGMUsT4Rc	236
_X78wx3OjwI	252
_zlqJdqhn8s	254
_ZuFMLBd1PU	241
0_vdxvK-39o	255
07pHHgxq-10	247
07UzowdN1Uc	248
0cEj543pTxM	260
0CHARlIbjs8	248
0cYgPxhDdIs	191
0d1dBtw02SI	192
0d65RqOCG5U	823
0fy0HxYH69Q	341
0G0ZKQYdjm8	252
0kAVb0ZmI8o	182
0mUS_6o5cMk	246
0mvGhdk9UWs	264
0r2kwb1qceU	254
0RP4Z_w4TCs	456
0TZF2eFugv8	244
0Y9MpegBqYU	236
0ZYe1RRWi6Q	253
11GJg6LQlXA	139
13qyUsOf6Ig	244
14lZsFzteps	249
15Y_GPEK-jg	241
160Q6Zs_2Lg	259
1fFvqyZhi4k	248
1ISArE-H0cY	269
1J46SiTBB1Y	257
1JCy9fwQvOU	249
1kFJXgZ5jMg	235
1lDeW-6lEOQ	242
1N-rG_DP0ZQ	255
1qy3L355U6I	256
1tGdYqt7K6Q	245
1tRjioVzN4U	252
1wlGiVwuuZA	251
1zLumdyExp4	236
2_g3F_jPres	232
26c_5yc5DRs	245
28Q6AvAyNrY	248
29DxU3GaYVE	252
29UD5p7sPm4	241
29ySol0WQ6Q	243
2bpU12JaRr4	285
2g0t41bYVCA	209
2JzNxo5m8vI	266
2Lz6SF3s0h0	243
2nMKNEkvGFY	224
2nVTalN2Ol0	244
2r4PI087p5U	248
2REYpXF2FWU	233
2s4h59qzd6E	264
2T0PWgFfCNU	279
2tzQvOi8e9A	247
2U2D-QrG2sc	253
2w_LsFBuygo	240
2XIhfAl71VI	241
2zs9KqIbbBs	250
32OZc-nAiP0	152
35FNxfbuff4	245
35vXkw8Faq0	203
3a2x4Niwgas	346
3ahIvkKKa8M	405
3aYMMR4Bxoc	240
3C8fyCjgTqw	235
3cjsRpmvpT0	351
3e00jXxP3rc	266
3ehiLitVbuU	250
3iJQef3jSis	175
3Kp7Nxu9klU	247
3nsuVIiU59s	302
3NubSwGfy5k	252
3q9Bv5bLMbg	183
3SOvFE0ZVIs	426
3-sUToEjxnY	270
3tWO9SV2lxU	264
3xlFDA5LC3M	234
3yqYtFqH1JI	250
4_8I_w5v18I	250
42zlw4y3OqI	237
433aT8S9Ct0	256
43tYp9U2g5g	265
440iR3z6h_g	248
47p8T5qJK3w	236
48oTVR-NSyE	274
4AOLzaPJI4o	238
4BrabV4a05U	250
4CkhMLi6gqY	390
4DOzaKkbu88	248
4EquUfZ6JV4	275
4FDPSBPlltI	506
4LIBqjeh25w	251
4lTqyj-mgQ4	127
4MSime4Eqvs	246
4nM9hBvFkQU	236
4OjXQEQuPsg	242
4P2qsByeWxI	237
4PH8cpYkIH8	245
4PjFnFFn6YU	248
4PKiSO_2GkE	257
4pXp06E6s5o	245
4qFxN02aFls	189
4quLDHQIyLg	232
4u6lbydCo8c	246
4-VnylyE3H0	114
4wDizy57GhM	246
4XDY3TelFwU	236
4YMgRfeeb4I	272
4ytuZ559OjU	263
50MyH76Sss8	310
52-_bRzW8FY	262
55lkwPJS2p8	237
55wuHi-oaCI	230
578yi_3nnbA	281
5cySk2WcLlc	275
5D5dO5cn1PQ	242
5DYbH5o347M	241
5dymEzwUaTU	234
5GazDgv3ugw	234
5IbTSG14LzM	199
5ikaetkyhLM	258
5Isz15tq1OQ	247
5jwD2r24Qm4	218
5LgctUtECWg	250
5OEiwt6R6u8	247
5Q5efbQEJhA	764
5Uj3pef02Ms	248
5VYq9QfZFeo	250
5XMiCIDgONM	370
5YVLN8cqoUI	265
6_V1jisi_80	182
619jmnyiJ_4	248
63VfYdLgkHY	241
64ASqIrRHdM	240
68VmeT8juHo	246
6bbXoPXHBZg	193
6dBv2EZqtbg	253
6EyW5UeDW3U	259
6fNFZgEBNek	254
6H0IUNdyQvQ	265
6IqZWeg6TUg	274
6k68hKJhtho	240
6KKkoBmpiAw	170
6njRSO4RxO4	265
6RA5VQCNRW4	246
6rsy5lpHrfE	239
6tVIMFcJFkA	254
6uicKtYgjoU	239
6uw8XS0z-dc	256
6vJjcorJpmo	313
6vNvWCnPtp0	375
6x9GaxpX-W0	259
6XXAbURKrO8	336
6ydhShEEAI8	248
6Yn5Uyh3e0A	247
6ZjfRPBFHls	251
6ZtK4N5qudc	252
7_Mie2lwy0s	261
77LtHQyH-YM	254
78qbiZRhkh4	238
7EMW-IMJ9ao	205
-7GMWprZEvk	256
-7gnfHc7L18	249
7IaS6mKzP2c	254
7IkoWKNHrqU	235
7kKE9Ew2F3g	167
7lj_v_9ob-8	185
7M1tOG9znSA	239
7RqSFiVUhDw	240
7SIjHj72qlQ	246
7T8ychc4eNg	250
7tp3xiQFGzs	238
7TtNmossIiU	273
7T-W4N-CRqA	263
7TYyOl8Q2EI	238
7VMrlvhLEMQ	145
-8_9cmaiRXc	250
87MJ-LrEdyg	270
88vv2BKPCDY	251
8BhfAJL8eXQ	249
8bMzPJZgMc0	274
8ckHi6z6fdw	248
8CpHVDsY_V4	341
8dAP2sZ84KE	101
8DbkIp023dk	189
8DhAlS4cMVw	245
8eazB9NPmR4	244
8Gud-C1l1mI	249
8iIQbuDzgCg	245
8im0Ybqm48Y	248
8K0icJw2Y-I	470
8PBS9VcHxVI	348
8tlfdXb_xzw	246
8tP6Ny1_OUA	272
8UngVw9_W_0	131
8XLYF5CVpHw	359
8XmrCJEGS_0	247
928RMTwiGqs	358
9bAz6IrrqyI	247
-9-c__P4jTY	242
9eBwDzJm7_0	246
9EvSoUaPub4	236
9Gl2cF458XA	249
9hYBS2Oh2HU	246
9HZawPudQVg	299
-9nBwGp3PI4	252
9pjJDjAhaMU	241
9PRuW9ugnco	249
9PZmMevf32Y	359
9ue4A9-e7bw	256
9VICqT7ZrUk	233
9wVll1OgLc4	251
9zAZDGOEsOk	234
a0U_xq8SPGU	237
a12vAtzbe68	249
A1-vXuUKE0c	235
A2zyKeZudSI	242
a4niK-NSSC0	157
A5fKEHTrhG4	252
a7CcYBukWeU	248
A7y5rDeCiBI	318
a8Wt6DWqRmE	243
aBV1-lTq62g	245
A-bx_2ggPSc	523
AccREF2P58o	183
Ack3o3RnFr8	263
AdKSRyQRjQU	252
ADqhM9z-Tpw	254
aeouu9LiCRc	206
AERKEVpkdYc	141
aFcUHKT69HM	237
aFYJVSJ0OTo	249
AGKolojt_vk	256
-agSSq_RfAU	267
ah4srufXH2c	249
Ai71HSK_qq8	248
AIr29CWlFpI	260
ajHnoYSvU2o	292
ajlT0NahHuY	508
AKQjX2wqFV0	396
A-l0r-pJWvA	247
AlKge6uRUA8	242
AlTAtd2xVY0	242
aM7lQ4EzQHo	249
aMUNw0mPYTE	291
amUXD5RqyXY	329
AN8Gv2H1LL4	265
AnaHr_7ToNI	289
anLPzwc-aNc	282
AnRK97k9MEI	273
aOJTP1n--zI	239
AOsCwodvW5Q	223
aQsrcNjWAyA	249
Ark3N5hiBis	240
aRu3Ofp9NcA	266
aS7eeLyN9lc	256
ATiv9GKVmQI	286
ATsXPkis-xg	261
-AUy1sgQGEc	244
AvoRPV5mhMo	236
aw1Y132XE4g	263
AWPcElZKV2A	300
aWYvdzBh3Ig	265
axqYvA5_VQ4	201
aXsnRpeLmN8	562
b1eDV1eF00k	234
B1oyWROz8Lk	194
B3Pcde7dASk	245
b4g6utFdEFk	247
b4rlJULp1FE	303
B6lurwxW1QM	236
b6R5bEcEKfQ	240
B7friAssfIg	259
b7Ibye5a8l4	231
b7O-HyNK5c4	233
b7VLg5XT3k0	162
B8JaqpHdBuI	149
B8P57yue68Q	238
b91I8doefHA	130
BabPuHjzxFc	258
BbBGt8Of-gc	278
bbfIWrmQNvI	279
bbFyJO2g2_g	248
BD7KcYYzAmY	254
BdUeC-G8mx0	259
bEH5pCogmu4	206
bFugJzhrsUM	129
bFzSLrAQnZg	281
bg6AgpTXzjw	234
bHZWWYGiBkg	283
bL0Nd9dPqUM	254
bLGvsoI5KjE	235
bOivWmqcBc0	178
BPYVolH-6Ew	244
Bq9nyvmfJkM	248
bQAsbE6-zwM	242
BQSEiTnBUoM	288
brEmvWxcHeQ	244
BRjXfR-oHm8	243
brSeBX7a9Wc	253
bsa8ERvnR18	249
BSISd0eJWPE	425
bSLg2xjqjQM	251
bsymTxyWybs	233
buBqkM5sKzc	273
BUgHWSoybL4	279
bV2AiJSKrIY	270
bVchUSEieYU	291
BWH-PJ7vBeo	242
bwLLbLSMMMo	338
bx1bjXyLcq8	106
bxILcQC7uO4	301
BxmRHLHNjyE	272
byCCilYWbYc	244
BYhuMen7jeE	255
BzaBXCaJd3o	264
BzBulCSTKi8	700
c100C7FGKvk	284
C19KSAJms4s	249
C1BoJwNb328	246
C2ZJyyy-zrg	247
C3H_PRD8EgA	246
C6R_f0BW26k	238
c7cd-_fv9qg	218
C7Ux9tqxTt0	272
C85fBp_-BwA	238
c8eHXopmyrg	244
C8ozFqspwdU	202
c8wObJw_OzE	304
caQyaw_7znU	236
CcdxCNg6laE	270
CcUUdGTr4d8	219
CDkxFoBDnWo	104
cEgdxbe-USE	226
CeoytPkZRa0	49
Cgf2gYGWCcc	253
CgiGZmyfxso	258
CKU4c4i8vA0	256
cm6Oo8Y-l4Y	238
CMc1n3qXqvQ	905
Co1to1ykTL4	233
co4KJFa2ozc	299
cO80rqcNTIU	242
cPDzarc-XQk	240
cpSZpboD8kw	243
cpuWQu11wTE	220
CpyONJgCXvc	2850
cRqxvpBnNYA	242
CsOmX7tZWpw	247
CuSgltLB_6A	250
CvVTDqw5tjs	242
cvYIFgsA-Eg	234
cwzpiPHdzXs	246
Cytwa0U0Tus	238
CzfSjE9---o	242
CzOgSo9c9ew	186
cZwzN161Z7A	251
D_1vMGt76Sc	248
d_8_Pxr354I	360
D_eJI7nLtf8	239
d_GlSlN-IMw	186
D0mK4j8Flxs	247
D1TVv955WCU	247
d6nSE98V_I0	300
d9sfJHdEb6s	246
DavP4QV1-04	259
dB-c_uYeXDk	360
Dbo0MLxcIW0	241
dbO-DEwDSWo	196
DBRmtAZOj0s	269
dByiDguggaE	366
dcmRwq05QSw	179
DeJ05e8-QSE	244
DePvDXkD0gI	256
DFwmVC8oqkU	235
dh3JAex6dIE	124
DHbefIJbI_c	240
DH-sH4LWBH8	249
DJIMh7iEimE	303
DJnmg_N4gAU	256
dLJjmAex0tk	263
DmE3BKU_jeU	257
DMODsevyQdc	260
DmvjbokEy1k	240
DMXsHY8y2ME	233
Dn6tK1_u4k0	247
D-NFOLSutYM	247
dnizWedZm4Q	165
DNvj_neQx4w	291
DnWMSzv7Cqg	263
do_-AMNfMG4	245
dPAdsUSZXu0	178
Dq8dB0pUYNw	251
dQYKDvd8eHo	248
Dr3-6H6P6Ng	236
dR8bRkYKVg4	242
drWif5EPXc8	228
DS9BankWBj4	260
dta83jhxgH0	112
duxi55oDoiI	200
dv5ko1ni3ho	240
dWlKZIMMvbQ	237
dwWKNvZCpGw	247
DxbLaKnP8jo	238
dxdgaCRNLbA	231
DyHiqIi3zgI	247
DZVyOe5XUTk	235
e1N8xFIBess	277
E1wUoAuhnJw	236
E4FcRmA1h9I	233
e4h3gtEeVu4	236
e7ECD-hbOeI	268
ea2JBatzEvk	253
eB2YP6xSseU	245
eBaazniwiMM	267
Ebo8s4sDKzg	265
eCh1cR6tnH8	247
edI9mrwmVQI	239
eE4VsoAWx4U	253
EezUgTbflBQ	233
eFxfI-0Bczo	240
EfyKEYi0shA	232
eIv4C6SOzVE	246
Eka3E0lADG0	255
EkEK2m4D7qw	358
eLKkg7doTMk	298
eLtT6z99bpY	264
-enD_X3GMTc	183
eNxd4RKrzAo	260
EpDZvFoOPVE	250
EQozR5gY5cM	252
Eurm6f233g0	243
EuzSsMNecaQ	93
evuDvWFrUS4	118
eX-FrEts0hw	287
eXGiA409uZQ	239
EyKJlwZJ__Q	311
eYzDoD4jNls	205
ezPia4HiLHU	254
F3DWaLf4LZE	246
F5rkwsFK628	383
F65QOu7K8Bg	424
f7T60_eUSs4	235
faJV1f_oN_U	239
fbN9Y6qyjRE	249
FD62ZFNoJSc	746
Fe4qGAdX1JQ	965
fEzAivFDnm8	261
FGAfJYNjcg0	246
FGrv5_li2Ps	268
fHxiohJW08M	245
fIFOtSBtoQ4	233
fjBIjFI7Efw	261
FkQcZRy982M	238
fnBAL5yABdc	262
fPizfv18BE4	247
f-PLU0vxZlU	233
Ft7GVE_bWbY	246
ftXPd9o49Gk	163
fwWBtgkcKbY	249
FYcddP00IL4	284
G2jxffFjApY	244
G3CK2IHDBHU	259
g6YYeUbNA3s	256
g7Wjcje_Q1A	311
G97_TDlsldE	275
GcccM2BAshE	241
gC-m4b2DNY0	237
GE8DLnhTKsQ	237
GGlPITArMFA	249
Gh0KOh0W80k	263
gHZy_WW6diA	284
GINbI5CMt3I	286
GKl0ly6g27M	156
Glkt-1184II	241
GnQsd1t9w1M	240
gO5LMlu0c2Y	206
GTu2FxDrQ3k	241
gu2rN8HoPhM	238
guMfsv_0meA	254
Gx2h-tgiXWA	236
h9TssAX1EhM	243
HBkpr1hwdH0	243
hdZT_zMfA_w	269
HhipJcZD1to	233
